data/L.1.wordpress-pdf-invoice-plugin-sample.pdf,23.64111328125
data/L.1.wordpress-pdf-invoice-plugin-sample.pdf,7.406889915466309
data/M.20.Minyoung+Kim.pdf,26.654982328414917
data/M.25.mckinsey-march-2nd-presentation2.pdf,29.378449201583862
data/H.40.McKinsey_Transportation.pdf,119.25043153762817
data/M.Financial Impact Assessment of COVID-19 Final with Disclaimer.pdf,55.79374098777771
data/L.NVCPitchDeckTemplate.pdf,29.97679591178894
data/L.contractor-free-invoice-template-dark-blue.pdf,9.455525636672974
data/L.8.Reversing the Curse McKinsey presentation (Conflict and fragile states).pdf,33.04836463928223
data/L.kathrynyoung.pdf,35.22203707695007
data/H.41.5-Rare_20Raw_20Material_20Issues.pdf,63.233559131622314
data/H.54.2.09-03.1_Helping_Global_Health_Partnerships_to_Increase_their_Impact_0.pdf,95.40403389930725
